,Name,Rating TA,Rating Glovo,Cuisine Style TA,Cuisine Style Glovo,Number of Reviews TA,Number of Reviews Glovo
0,Bella Venezia,100%,98%,['Italian'],['Pizza'],102,207
143,makis,90%,97%,"['Sushi', 'Asian']",['Japanese'],78,500+
236,Casa Bangla,90%,88%,"['Indian', 'Bangladeshi']",['Indian'],5,65
407,Indian Herbs,100%,95%,"['Indian', 'Healthy']",['Indian'],157,237
408,Sumac & Mambo,100%,89%,"['Barbecue', 'Mediterranean']",['Mediterranean'],542,18
409,Narciso,100%,95%,"['Italian', 'Mediterranean']","['Italian', 'Sandwich']",335,41
410,Tandoori Nights,90%,98%,"['Indian', 'Healthy']",['Indian'],1006,128
411,La Piazzetta GranVia,90%,94%,"['Italian', 'Pizza']",['Pizza'],317,160
412,Gallo Nero,90%,92%,"['Pub', 'Wine Bar']",['Italian'],483,229
413,Tomasso - New York Pizza,90%,96%,['Pizza'],['Pizza'],323,288
414,Piazze D'Italia,90%,94%,"['Pizza', 'Italian']","['Italian', 'Pizza']",2016,180
415,A Tu Bola,90%,99%,"['Fast Food', 'Mediterranean']",['International'],1395,65
416,Gilda by Belgious,90%,90%,"['Mediterranean', 'Spanish']",['International'],1440,26
417,Sagradas Tapas,90%,95%,"['Mediterranean', 'Spanish']",['Mediterranean'],318,312
418,Rasoi,90%,96%,"['Indian', 'Asian']",['Indian'],336,209
419,Pizza Circus,90%,96%,"['Italian', 'Pizza']",['Pizza'],719,500+
420,El Dorado Chicken,90%,93%,"['Peruvian', 'Latin']","['Chicken', 'Latin American']",672,469
421,La Tere Gastrobar,90%,80%,"['Mediterranean', 'European']",['Mediterranean'],354,43
422,Il Mercante Di Venezia,90%,95%,"['Italian', 'Mediterranean']","['Italian', 'Pizza']",899,95
423,Mayura,80%,95%,"['Indian', 'Healthy']","['Asian', 'Indian']",1252,500+
424,Veganashi - Sushi Vegano,100%,93%,"['Japanese', 'Asian']","['Healthy', 'Sushi']",23,58
467,Mako,90%,94%,"['Japanese', 'Sushi']","['Asian', 'Japanese']",311,430
468,Veg World India,90%,97%,"['Indian', 'Healthy']","['Healthy', 'Indian']",434,45
469,La Mundana,90%,97%,"['Mediterranean', 'European']",['Mediterranean'],672,75
470,Buon Appetito,90%,98%,"['Italian', 'Pizza']","['Italian', 'Pizza']",898,29
471,Bopiz,100%,93%,"['Italian', 'Pizza']","['Italian', 'Pizza']",64,500+
472,L'olivera,90%,63%,"['Mediterranean', 'Spanish']","['Mediterranean', 'Sandwich']",505,59
473,Villa Caprice,90%,99%,"['Italian', 'Mediterranean']","['Mediterranean', 'Pizza']",432,10
474,LeccaBaffi,90%,95%,"['Italian', 'Pizza']",['Italian'],388,114
475,Tapas 2254,90%,97%,['Catalan'],"['Brunch', 'Mediterranean']",1217,210
490,Ristorante Margherita,90%,96%,"['Pizza', 'Italian']",['Italian'],2493,111
491,That's Amore,100%,95%,['Italian'],['Pizza'],53,230
492,El Pachuco,90%,94%,"['Mexican', 'Latin']",['Mexican'],1054,500+
493,Fenicia,90%,97%,"['Lebanese', 'Mediterranean']",['Mediterranean'],465,260
494,Sushifresh,90%,93%,"['Japanese', 'Sushi']","['Asian', 'Japanese']",482,197
496,Anauco,90%,91%,['American'],['Burgers'],897,500+
497,Tlaxcal,90%,96%,"['Latin', 'Mexican']",['Mexican'],929,326
498,Teresa Carles,90%,98%,"['Mediterranean', 'European']",['Healthy'],5096,500+
499,Inka Burg,90%,95%,"['American', 'Bar']","['American', 'Burgers']",381,500+
500,Viet Kitchen,90%,97%,"['Asian', 'Vietnamese']",['Asian'],174,14
501,Koku Kitchen Ramen & Gyoza Bar,90%,97%,"['Japanese', 'Asian']",['Japanese'],363,323
502,Croq & Roll,90%,90%,"['Mediterranean', 'European']",['Mediterranean'],238,18
503,SiamoQua,90%,96%,"['Italian', 'Pizza']","['Italian', 'Pizza']",645,83
504,BRO Room,90%,93%,"['Fast Food', 'Argentinean']","['Burgers', 'Vegetarian']",367,209
505,La Malandrina,90%,93%,"['Barbecue', 'Argentinean']",['Latin American'],1020,151
507,La Pizza del Born,80%,95%,"['Pizza', 'Fast Food']",['Pizza'],544,500+
508,Oishii Ramen Street,80%,97%,"['Japanese', 'Asian']",['Asian'],304,260
509,Parking Pizza,80%,96%,"['Italian', 'Pizza']",['Pizza'],464,500+
511,Luigi Ristorante,90%,94%,"['Italian', 'Pizza']","['Italian', 'Pizza']",1537,310
512,Casa Masala,90%,93%,"['Indian', 'Asian']",['Indian'],175,129
513,Tango Grill,90%,94%,"['Steakhouse', 'Grill']",['Latin American'],145,86
514,Out of China,80%,80%,"['Chinese', 'Healthy']",['Asian'],815,500+
515,Matsuri Sushi Bar,90%,87%,"['Japanese', 'Sushi']","['Japanese', 'Sushi']",838,54
516,Greek Aribau,80%,81%,['Greek'],['Mediterranean'],290,78
517,Mon Viet,90%,95%,"['Asian', 'Vietnamese']",['Asian'],277,500+
518,La Capricciosa,80%,91%,"['Italian', 'Pizza']","['Italian', 'Pizza']",553,271
520,Kibuka,80%,96%,"['Japanese', 'Sushi']","['Asian', 'Japanese']",927,500+
522,Acqua & Farina,90%,95%,"['Italian', 'Pizza']","['Italian', 'Pizza']",408,150
523,La Mama Acasa,90%,97%,"['European', 'Eastern European']",['International'],109,143
524,La Muscleria,80%,93%,"['Seafood', 'Mediterranean']",['Mediterranean'],911,38
525,Tapes Barcelona,90%,78%,"['Bar', 'Mediterranean']",['Mediterranean'],248,10
526,Viblioteca,90%,97%,['Wine Bar'],['Mediterranean'],226,182
527,Asador de Aranda,80%,84%,"['European', 'Spanish']",['Mediterranean'],1790,241
530,Forno D'Oro,90%,99%,"['Italian', 'Pizza']",['Pizza'],96,45
531,Thai Bistro 57,90%,93%,"['Asian', 'Thai']","['Asian', 'Thai']",197,424
532,Honest Greens,80%,95%,"['Mediterranean', 'European']",['Healthy'],380,500+
535,Bellillo,90%,96%,"['Italian', 'Neapolitan']","['Italian', 'Pizza']",275,118
536,murivecchi,80%,94%,"['Italian', 'Pizza']","['Italian', 'Pizza']",1025,39
537,La Carioca,90%,95%,"['Brazilian', 'Healthy']","['Burgers', 'Latin American']",252,254
538,La Pala Boqueria,90%,98%,"['Italian', 'Pizza']",['Pizza'],139,147
539,Kasa Ramen,90%,94%,"['Japanese', 'Asian']",['Asian'],127,500+
540,Out of India,90%,93%,['Indian'],['Indian'],140,165
541,Lalola,80%,94%,"['Mediterranean', 'European']",['Pizza'],454,258
542,Bar Bar - The Indian Gastronomia,90%,96%,['Indian'],['Indian'],80,10
543,Hard Rock Cafe,80%,95%,['American'],['Burgers'],4001,241
544,Pizza Local,100%,98%,"['Italian', 'Pizza']","['Italian', 'Pizza']",51,389
545,Baby Jalebi,90%,97%,"['Indian', 'Pakistani']","['Asian', 'Indian']",102,242
546,Dolce Pizza y Los Veganos,90%,98%,"['Italian', 'Pizza']","['Gluten free', 'Italian']",128,113
547,Ovante,90%,95%,['$$ - $$$'],"['American', 'Burgers']",210,172
548,Ruta 40,100%,97%,"['Latin', 'Argentinean']",['Burgers'],84,10
550,Fat Barbies,90%,88%,"['Steakhouse', 'Southwestern']",['Burgers'],176,227
551,Atabalats Gastrobar,90%,99%,"['Mediterranean', 'Spanish']",['Burgers'],90,73
552,Ramen House,90%,95%,"['Japanese', 'Sushi']",['Asian'],160,196
557,Ceviche 103,80%,97%,"['Peruvian', 'Latin']","['Latin American', 'Peruvian']",805,442
558,La Bodegueta,80%,90%,"['Bar', 'Mediterranean']",['Mediterranean'],838,75
559,Soco,80%,99%,"['Italian', 'Pizza']","['Burgers', 'Pizza']",361,64
560,Marina Bay,80%,89%,"['Seafood', 'Mediterranean']","['Mediterranean', 'Paella']",2019,27
561,Restaurante Dhaba,90%,98%,['Indian'],"['Indian', 'International']",79,74
562,Mosquito,80%,94%,"['Chinese', 'Asian']",['Asian'],1357,91
563,Kasarap Filipino Kitchen,100%,98%,"['Filipino', 'Asian']",['Asian'],57,198
564,Tacos Tacos,80%,89%,"['Mexican', 'Bar']",['Mexican'],328,22
565,El Filete Ruso,80%,90%,"['American', 'International']","['Burgers', 'Healthy']",590,134
566,Totoro,80%,95%,"['Japanese', 'Sushi']","['Asian', 'Japanese']",329,447
567,Can Pizza,90%,95%,"['Italian', 'Pizza']","['Italian', 'Pizza']",127,500+
571,La Informal,80%,94%,"['American', 'European']",['Burgers'],356,406
572,Tapas San Miguel,80%,99%,"['Mediterranean', 'European']","['Asian', 'Burgers']",235,13
573,Kawamura,90%,96%,"['Japanese', 'Asian']",['Japanese'],138,49
574,Taverna Italiana,90%,96%,"['Mediterranean', 'Sicilian']",['Pizza'],95,48
575,La Pala Pizza Bar,90%,91%,"['Italian', 'Pizza']",['Pizza'],60,92
576,el tianguis,80%,99%,"['Mexican', 'Latin']",['Mexican'],338,44
577,La Porca,80%,90%,"['International', 'European']",['Burgers'],192,301
578,Red Ant Noodle Bar,80%,77%,"['Japanese', 'Asian']","['Asian', 'Japanese']",439,101
579,Folks Burgers,100%,95%,"['International', 'Street Food']","['American', 'Burgers']",50,500+
581,La Pachuca,90%,97%,"['Mexican', 'Bar']",['Mexican'],90,500+
582,La Bella Napoli,80%,96%,"['Italian', 'Pizza']","['Italian', 'Pizza']",467,98
583,Lara Grill,90%,96%,"['Venezuelan', 'Latin']",['Burgers'],91,235
584,La Adelita Botanero,80%,94%,"['Mexican', 'Latin']",['Mexican'],249,21
585,Restaurante Dolsotbap,90%,97%,"['Asian', 'Korean']",['Asian'],70,359
586,Casa Masana,70%,96%,"['European', 'Spanish']",['Mediterranean'],596,65
587,Memorias de China,80%,93%,"['Chinese', 'Asian']",['Asian'],304,170
588,Wok Dao,80%,98%,"['Chinese', 'Seafood']",['Japanese'],550,61
589,Isabella's,80%,96%,"['Mediterranean', 'Italian']",['Italian'],488,500+
590,Thai Gracia,80%,92%,"['Asian', 'Thai']","['Healthy', 'Thai']",296,96
591,Lady Dumpling,100%,94%,"['Chinese', 'Asian']","['Asian', 'Japanese']",27,213
592,Granja Petitbo,80%,97%,"['Cafe', 'Mediterranean']","['Burgers', 'Sweets']",839,352
593,Gringa,90%,91%,"['Mexican', 'American']",['Burgers'],95,163
594,Rasoi Ghar,100%,97%,['Indian'],['Mediterranean'],33,77
596,Isami,80%,95%,"['Japanese', 'Sushi']",['Japanese'],175,79
597,La Capital,90%,90%,"['American', 'Steakhouse']","['American', 'Burgers']",101,219
598,Craft Pizza,100%,94%,"['Pizza', 'Italian']",['Pizza'],34,191
599,Bao's,100%,92%,['Asian'],['Japanese'],30,84
600,Putxinellis,80%,97%,"['Italian', 'Pizza']","['Pizza', 'Vegan']",163,193
601,Suguru,100%,97%,"['Japanese', 'Sushi']",['Japanese'],26,298
602,Oassis Natural Cooking,80%,85%,"['Pizza', 'European']","['Burgers', 'Pizza']",326,30
603,Green Room,90%,98%,"['Spanish', 'Brew Pub']",['Burgers'],109,118
604,La Villa Sants,80%,94%,"['Italian', 'Pizza']","['Italian', 'Pizza']",247,108
605,Eatmosfera,90%,93%,"['Italian', 'Pizza']","['Italian', 'Pizza']",36,289
606,La Burrata,80%,93%,"['Italian', 'Pizza']","['Italian', 'Pizza']",190,31
607,Solo Pizza,80%,96%,"['Italian', 'Pizza']","['Italian', 'Pizza']",204,181
608,Vegan Junk Food Bar,90%,97%,['American'],"['Burgers', 'Vegan']",63,203
609,The dog is hot,80%,92%,"['American', 'Fast Food']",['American'],158,230
610,Aska Dinya,80%,92%,"['Mediterranean', 'Middle Eastern']",['International'],327,21
611,Ben Tips,80%,96%,"['Bar', 'European']",['Burgers'],192,126
612,Shanghai Stories,90%,94%,"['Chinese', 'Asian']",['Asian'],66,112
613,Bendito Tako,90%,91%,['Mexican'],['Mexican'],53,341
614,Ichiban Ramen & Street Food,90%,92%,"['Japanese', 'Asian']",['International'],33,500+
615,Ugarit 37,90%,93%,['$$ - $$$'],['International'],107,213
616,Nikkei 103,80%,94%,"['Japanese', 'Peruvian']","['Asian', 'Japanese']",209,71
617,L' Olla de Si Chuan,80%,95%,"['Chinese', 'Asian']","['Asian', 'Homemade food']",423,415
618,Un Bocado,80%,95%,"['Sushi', 'Japanese']",['Japanese'],109,315
619,LABARRA Westside,70%,97%,"['Mediterranean', 'European']",['Mediterranean'],1003,256
620,Supra Barcelona,90%,90%,"['Georgian', 'Russian']","['International', 'Pizza']",41,182
621,Rooster & Bubbles,90%,96%,"['Mediterranean', 'Spanish']",['Chicken'],24,210
622,Vapiano,80%,94%,"['Pizza', 'Mediterranean']","['Italian', 'Pizza']",253,386
623,Flash Flash,70%,95%,"['Mediterranean', 'European']","['Homemade food', 'Gourmet']",550,199
624,Vitali Pizza,80%,95%,"['Italian', 'Pizza']",['Pizza'],163,500+
625,Asian Noodles & Sushi,90%,97%,"['Japanese', 'Sushi']","['Asian', 'Japanese']",65,500+
627,Pasta Market Express,100%,86%,"['Italian', 'Mediterranean']","['Italian', 'Pizza']",27,34
628,PizzAmore,100%,88%,"['Italian', 'Pizza']",['Pizza'],37,43
629,Maur Muntaner,80%,94%,"['Mediterranean', 'Pizza']","['Mediterranean', 'Pizza']",216,73
630,OH BO,80%,98%,"['Mediterranean', 'European']",['Healthy'],241,102
631,Pai Mei,90%,97%,"['Asian', 'Japanese']",['Asian'],59,500+
632,Bella Sushi,80%,92%,"['Japanese', 'Sushi']","['Asian', 'Sushi']",65,58
633,La Royale,70%,94%,"['American', 'Bar']",['Burgers'],477,439
634,Dip Dumpling,100%,96%,['Asian'],['Asian'],30,89
635,La Tagliatella,70%,90%,"['Italian', 'Pizza']",['Italian'],459,432
637,Sottovoce,70%,92%,"['Italian', 'Pizza']",['Italian'],227,150
638,Zaatar & Co.,100%,95%,"['Lebanese', 'Mediterranean']","['Arabic', 'International']",16,500+
639,La Lolita,70%,93%,"['Bar', 'European']",['Mediterranean'],194,51
640,Dionisos,70%,92%,"['Mediterranean', 'European']","['Greek', 'International']",338,283
642,Mancora,80%,88%,"['Peruvian', 'Latin']",['International'],99,29
643,La Chelinda,80%,72%,"['Mexican', 'South American']",['Mexican'],150,23
645,El club de la pasta,100%,91%,"['Italian', 'Pizza']",['Pizza'],14,31
646,Nice Spice,80%,92%,"['Indian', 'Asian']","['Asian', 'Indian']",177,155
647,Il Commendatore,70%,97%,"['Italian', 'Pizza']","['Italian', 'Mediterranean']",321,500+
648,Ramen Kumamon,90%,94%,"['Chinese', 'Japanese']",['Japanese'],35,171
649,Kangnam,100%,97%,['$$ - $$$'],['Asian'],15,83
650,Brisa Sin Prisa,70%,97%,"['Bar', 'Mediterranean']",['Mediterranean'],170,148
651,Ramen Dou,90%,93%,"['Chinese', 'Japanese']","['Asian', 'Japanese']",17,16
652,Cantinho Brasileiro,80%,93%,"['Brazilian', 'Bar']","['Latin American', 'Mediterranean']",82,201
653,Secrets by Farga,90%,95%,['Mediterranean'],"['Healthy', 'Mediterranean']",32,500+
657,Sichuan,80%,97%,['Chinese'],"['Healthy', 'Japanese']",103,130
658,Sr. Ceviche,90%,95%,"['Peruvian', 'Latin']",['Latin American'],29,51
659,Five Guys,70%,97%,"['American', 'Fast Food']","['American', 'Burgers']",143,500+
661,Auto Rosellon,70%,91%,"['Mediterranean', 'European']",['Mediterranean'],413,29
662,HUNAN,80%,96%,"['Japanese', 'Sushi']","['Asian', 'Japanese']",72,222
663,El Canalla,70%,98%,"['Bar', 'Mediterranean']",['Mediterranean'],323,57
664,Asador Del Mar,70%,88%,"['Spanish', 'Catalan']","['marisco', 'Mediterranean']",232,130
665,Asian Restaurant,80%,69%,"['Indian', 'Asian']",['Indian'],75,35
666,Hachiko Sushi,80%,94%,"['Japanese', 'Sushi']","['Japanese', 'Sushi']",45,78
668,Chiku Yo Tei,70%,90%,"['Japanese', 'Sushi']",['Japanese'],111,56
669,La Piccola Roma,80%,96%,"['Italian', 'Mediterranean']","['International', 'Pizza']",97,79
670,Buena Morena,90%,97%,"['Mexican', 'Latin']","['Mexican', 'Vegan']",30,53
671,Asa sushibar,90%,97%,"['Japanese', 'Sushi']","['Asian', 'Japanese']",25,38
672,Ramen Shifu,80%,92%,"['Japanese', 'Asian']","['Asian', 'International']",47,241
675,Royal Nepal,90%,95%,"['Indian', 'Asian']","['Asian', 'Indian']",26,145
676,Da Me,90%,98%,"['Italian', 'Pizza']",['Pizza'],34,171
677,El Maracucho Grill House,90%,84%,"['Barbecue', 'Venezuelan']","['Burgers', 'Grill']",24,93
678,Subway,80%,94%,"['Fast Food', 'American']","['American', 'Sandwich']",130,500+
680,Vegesana,80%,97%,['Asian'],"['Healthy', 'Vegetarian']",72,25
681,Only Sushi,80%,97%,"['Japanese', 'Sushi']","['Asian', 'Japanese']",74,204
683,Green & Burger By Biocenter,90%,96%,['Healthy'],"['Burgers', 'Vegetarian']",24,168
684,Barcilo,90%,85%,['Italian'],"['Italian', 'Pizza']",22,35
685,La Picnic,90%,97%,"['Asian', 'Korean']",['Asian'],18,17
686,Mehman Khana,90%,87%,"['Indian', 'Pakistani']",['Indian'],27,27
687,Tiago La Pizza,90%,97%,"['Pizza', 'Italian']","['Italian', 'Pizza']",42,379
688,Tacos 99,90%,83%,['Spanish'],['Mexican'],16,60
690,Fast Kibuka,80%,96%,"['Japanese', 'Fast Food']","['Asian', 'Japanese']",119,433
691,Keik,80%,97%,"['European', 'Mediterranean']",['Burgers'],148,332
692,La turuleca,70%,91%,"['Peruvian', 'Latin']","['Latin American', 'Peruvian']",214,499
693,216 Grammi Poblenou,90%,92%,['Mediterranean'],['Italian'],12,167
694,A Vocados,80%,86%,"['Mediterranean', 'Healthy']",['Pizza'],83,190
699,K'delicia,100%,96%,"['Brazilian', 'South American']",['Latin American'],10,500+
700,Enlagloria Salad House,90%,95%,"['Healthy', 'Fast Food']","['Healthy', 'Vegetarian']",17,500+
701,La Viena Blanca,70%,99%,"['European', 'Spanish']",['Mediterranean'],114,49
702,Al Karma,90%,95%,"['Lebanese', 'Mediterranean']",['Arabic'],34,83
704,Sartoria Panatieri Eixample,80%,91%,"['Italian', 'Pizza']","['Italian', 'Pizza']",35,283
705,Gandhi Executive Food,100%,96%,[],"['Chicken', 'Indian']",9,301
706,La Piadina del Sol,80%,89%,['$'],"['Burgers', 'Italian']",48,76
707,100 Montaditos,70%,93%,"['Bar', 'Fast Food']","['Mediterranean', 'Sandwich']",124,187
710,Deleit Sushi,80%,97%,"['Japanese', 'Sushi']","['Asian', 'Japanese']",63,259
711,Sushi Nori,90%,95%,[],"['Japanese', 'Sushi']",12,500+
712,Ruar Street Food,90%,89%,[],"['American', 'Burgers']",13,33
713,Parking Pita,80%,93%,['$'],"['Arabic', 'Sandwich']",17,500+
714,Piel De Gallina,80%,96%,"['American', 'Mediterranean']","['American', 'Chicken']",21,421
717,Wino,80%,97%,"['Chinese', 'Asian']",['Asian'],45,216
718,Mogollon's,100%,100%,[],['Pizza'],8,44
719,Contratapa,90%,100%,"['Mediterranean', 'Spanish']",['Mediterranean'],13,52
721,Sunrise Doner Kebab,90%,86%,['Fast Food'],"['Arabic', 'Kebab']",24,77
722,New York Burger,90%,89%,"['American', 'Barbecue']",['Burgers'],11,500+
723,Crep Nova,70%,95%,"['Pizza', 'Mediterranean']","['Italian', 'Pizza']",293,500+
727,La Bendita,80%,100%,"['Cafe', 'Catalan']",['Mediterranean'],15,21
728,Pizzerica,90%,95%,"['Italian', 'Pizza']",['Pizza'],23,20
729,Kuyi,80%,91%,"['Japanese', 'Sushi']",['Asian'],21,82
730,Tapa de China,80%,86%,"['Chinese', 'Asian']",['Asian'],40,132
731,Bonaburger,100%,93%,['American'],['Burgers'],7,383
732,La Esquineta,90%,89%,"['Pizza', 'Italian']","['Italian', 'Pizza']",14,74
733,Frankfurt De Verdi,70%,96%,['$'],['Burgers'],45,500+
734,Trafalgar Pizza Club,80%,97%,"['Italian', 'Pizza']",['Pizza'],26,66
735,Sandwich Club Barcelona,90%,96%,"['European', 'Spanish']",['Sandwich'],11,361
736,Casa Fong,80%,92%,"['Chinese', 'Asian']",['Asian'],27,500+
737,Canton Food,80%,89%,"['Asian', 'Chinese']","['Asian', 'Chinese']",29,163
738,Panino Silvestre,70%,97%,"['Italian', 'Cafe']",['Pizza'],133,181
741,Pans & Company,90%,95%,"['Cafe', 'Fast Food']",['Mediterranean'],11,298
758,Grosso Napoletano,70%,95%,"['Italian', 'Neapolitan']","['Italian', 'Pizza']",42,456
761,Can Cuxart,70%,91%,"['Mediterranean', 'Spanish']",['Mediterranean'],121,166
762,Sushiyaki,80%,97%,"['Japanese', 'Sushi']","['Asian', 'Japanese']",25,500+
763,Wok Show,70%,89%,"['Chinese', 'Japanese']","['Asian', 'Japanese']",89,415
764,New Himali,90%,83%,['Indian'],"['Asian', 'Indian']",11,32
765,La Vega Grill,90%,93%,"['American', 'Argentinean']","['American', 'Burgers']",7,128
766,Smash House,100%,97%,"['American', 'International']",['Burgers'],5,500+
767,Brutal58,100%,96%,"['Street Food', 'Venezuelan']","['Burgers', 'Latin American']",5,500+
768,Restaurante Edo,70%,97%,"['Japanese', 'Sushi']",['Japanese'],151,500+
769,Little India,70%,92%,['Indian'],['Indian'],33,487
770,Tapas Verdi,80%,89%,"['Bar', 'Spanish']",['Burgers'],22,150
771,Baden Baden,70%,95%,"['Bar', 'Pub']","['Burgers', 'Sandwich']",27,119
772,Anormal,70%,84%,"['Mexican', 'Latin']","['Latin American', 'Seafood']",125,25
773,Star India,90%,90%,['Indian'],['Indian'],12,71
774,Honkaku II,70%,100%,"['Japanese', 'Sushi']",['Japanese'],31,13
775,Tiflis Restaurant,80%,89%,['Georgian'],['International'],16,64
776,"Good Shit, Vegan Kebabs",100%,98%,['Street Food'],"['Arabic', 'Sandwich']",4,500+
777,Baozi Bar,80%,94%,[],['Japanese'],10,74
778,La Turka Kebab,100%,97%,"['Pizza', 'Fast Food']","['Arabic', 'Pizza']",4,265
779,Yiduo 2,70%,97%,"['Japanese', 'Sushi']",['Japanese'],18,13
780,Restaurante Green's,70%,93%,"['Mediterranean', 'Spanish']","['International', 'Mediterranean']",70,16
781,Maruko,80%,97%,['Sushi'],['Japanese'],9,421
782,La Piadina,70%,90%,"['Italian', 'Healthy']","['Italian', 'Vegan']",63,383
783,Pizzeria La Mia Mamma,80%,90%,"['Italian', 'Pizza']",['Pizza'],16,33
784,Little Viet,100%,92%,[],"['Asian', 'Vegan']",3,48
785,Hungry Eyes,100%,95%,"['Indian', 'International']",['Indian'],3,185
786,Xe Wu,70%,97%,"['Japanese', 'Asian']",['Asian'],20,55
787,Mezcal Taco Bar,80%,98%,"['Mexican', 'Deli']",['Mexican'],7,45
788,Ferribottu,90%,97%,[],['Pizza'],3,57
789,Indian Curry House,90%,94%,['Indian'],['Indian'],9,352
790,La Bendecida,80%,96%,"['Venezuelan', 'South American']","['Latin American', 'Venezolana']",6,453
791,Estambul Kebab,100%,92%,[],['Arabic'],3,177
792,Bona Sort Sushi,70%,98%,"['Japanese', 'Sushi']","['Japanese', 'Poke']",49,292
794,Sushi Time,70%,84%,"['Healthy', 'Japanese']","['Japanese', 'Sushi']",27,85
796,Asian Ways Gracia,90%,94%,"['Chinese', 'Asian']",['Asian'],3,219
797,Kurz & Gut,60%,91%,['$'],['Mediterranean'],194,62
800,Quetzal,70%,93%,"['Mexican', 'Latin']",['Mexican'],64,60
801,Pizza Torre,80%,84%,"['Italian', 'Pizza']",['Pizza'],11,70
802,Un Chingo de Sabor,80%,97%,['$'],['Mexican'],6,494
803,LA BRASA ROJA,70%,94%,"['Peruvian', 'South American']",['Chicken'],62,150
804,Japonmarket,100%,96%,"['Japanese', 'Fast Food']","['Healthy', 'Japanese']",3,160
805,Gaijin Sushi,100%,--,"['Japanese', 'Sushi']","['Asian', 'Japanese']",2,11
806,MadameRamen,90%,97%,['Asian'],['Japanese'],3,35
807,Tamae,100%,95%,['Japanese'],"['Asian', 'Japanese']",2,362
808,Suma Manq'a,70%,93%,"['Latin', 'Spanish']",['Latin American'],22,135
809,Bismillah Burguer,100%,85%,['Fast Food'],"['Arabic', 'Burgers']",2,23
810,Dera Restaurante,100%,97%,"['Indian', 'Middle Eastern']",['Indian'],2,39
811,McDonald's,70%,90%,['Fast Food'],"['American', 'Burgers']",42,500+
818,Jef Coffee & Pizza,80%,92%,"['Italian', 'Pizza']",['Pizza'],18,73
819,Vintena,100%,100%,[],"['Gourmet', 'Mediterranean']",2,13
820,SushiTienda,100%,95%,['Japanese'],"['Japanese', 'Sushi']",2,68
821,Tu Cachapa Com,100%,91%,[],"['Bakery', 'Latin American']",2,317
822,Tasty Poke Bar,100%,89%,['Hawaiian'],"['Healthy', 'Poke']",2,63
823,deWeggie's,100%,95%,"['Italian', 'American']","['Burgers', 'Pizza']",3,10
824,Bar Restaurante La Familia,100%,86%,"['American', 'Latin']",['Mediterranean'],2,75
825,Restaurante Green's Aribau,70%,89%,"['Mediterranean', 'Spanish']",['Mediterranean'],25,67
826,Sapor d'Italia,70%,90%,"['Italian', 'Pizza']","['Italian', 'Pizza']",70,154
827,Milanesa Barcelona,100%,97%,"['Italian', 'Mediterranean']",['International'],3,175
828,Rock & Boom,90%,New,['American'],"['Breakfast', 'Burgers']",2,27
829,Pizzamarket,90%,96%,"['Pizza', 'Fast Food']",['Pizza'],3,181
832,Picarn,70%,86%,"['Fast Food', 'Turkish']","['American', 'Arabic']",20,39
833,Empanada Club - Badal,80%,94%,"['Argentinean', 'South American']","['Latin American', 'Pizza']",4,93
834,La Barbacoa de Gracia,70%,89%,"['Steakhouse', 'Spanish']",['Mediterranean'],94,26
835,Mian,90%,98%,"['Chinese', 'Asian']",['Asian'],2,154
836,Ruixian sushi,70%,98%,"['Japanese', 'Sushi']","['Healthy', 'Japanese']",104,99
838,Taj Mahal,70%,92%,"['Indian', 'Middle Eastern']","['Arabic', 'Indian']",10,165
840,Mr. Sushi,100%,97%,[],"['Asian', 'Japanese']",1,97
841,Sumo Glories,70%,86%,[],"['Japanese', 'Poke']",6,105
842,Burritos,100%,92%,"['Mexican', 'American']",['Mexican'],1,341
844,Sushi Ouchi,100%,85%,[],"['Asian', 'Sushi']",1,18
845,Burger King,100%,96%,[],"['American', 'Burgers']",1,500+
863,Gyoza Restaurante,100%,97%,[],['Asian'],1,216
864,Natsu Sushi,70%,88%,"['Japanese', 'Sushi']","['Japanese', 'Sushi']",26,228
865,Albiceleste Bar,100%,74%,[],['Latin American'],1,50
866,Bar Paco,100%,93%,['Mediterranean'],"['Mediterranean', 'Pizza']",1,31
867,Hai Tian,70%,94%,['Chinese'],['Asian'],3,352
868,Habib's Village,70%,84%,[],"['Arabic', 'Indian']",3,11
869,Pizza Virona,70%,82%,[],"['Italian', 'Pizza']",5,124
871,Palacio De China,60%,94%,"['Chinese', 'Asian']",['Asian'],24,54
872,Not Only Wine,70%,95%,['Mediterranean'],['Mediterranean'],3,53
873,Thai Cafe,70%,94%,"['Asian', 'Thai']",['Thai'],18,500+
874,Caradura Mitre,80%,93%,[],['Burgers'],1,19
875,Bitte! Wurst,60%,94%,"['German', 'Fast Food']",['Mediterranean'],125,121
877,Foster's Hollywood,70%,92%,[],"['American', 'Burgers']",2,277
884,Creppy,70%,88%,"['Pizza', 'Italian']",['Pizza'],18,300
885,Indian Palace,70%,88%,"['Indian', 'Cafe']",['Indian'],3,138
886,Company Sushi,80%,91%,[],"['Asian', 'Japanese']",1,58
887,oishii sushi,60%,94%,"['Japanese', 'Sushi']","['Asian', 'Sushi']",85,70
888,The Lobster Roll Barcelona,60%,91%,['American'],['American'],6,95
889,Panchito,60%,84%,"['Latin', 'Spanish']",['Mexican'],20,128
894,KFC,60%,91%,"['American', 'Fast Food']","['American', 'Chicken']",19,168
899,Restaurante Ola,60%,95%,"['Chinese', 'Japanese']",['Japanese'],4,37
900,Aroma di Sicilia,60%,63%,[],"['Italian', 'Pizza']",3,156
901,Mochica,60%,92%,"['Peruvian', 'Latin']","['Latin American', 'Peruvian']",166,36
903,Telepizza,50%,95%,[],['Pizza'],3,319
907,La Piazzenza,60%,95%,"['Italian', 'Pizza']","['Italian', 'Pizza']",817,430
908,Yoshinoya-8,60%,89%,"['Japanese', 'Sushi']",['Japanese'],91,204
909,Restaurante Ciurana,60%,92%,"['Mediterranean', 'European']",['Mediterranean'],143,27
910,Sher-E-Punjab,60%,--,"['Indian', 'Asian']",['Indian'],103,19
911,TexMex & Co,60%,95%,['Mexican'],['Mexican'],27,198
912,Carpi Pizza,50%,92%,['Pizza'],['Pizza'],3,18
913,Restaurante Shanghai,60%,91%,[],['Asian'],7,264
914,TGB The Good Burger,60%,94%,['American'],"['American', 'Burgers']",20,456
917,Romanpizza,50%,97%,[],"['Italian', 'Pizza']",3,123
918,Tapa Tapa,50%,93%,['Spanish'],['Mediterranean'],4,22
919,Komeridiana,50%,90%,[],"['Latin American', 'Peruvian']",4,90
920,Miku Sushi,50%,97%,"['Japanese', 'Sushi']","['Japanese', 'Poke']",22,500+
921,Bar Restaurante Carlos III,20%,79%,"['Chinese', 'Japanese']",['Asian'],1,62
922,Sushi Fusion,50%,68%,"['Japanese', 'Sushi']","['Asian', 'Sushi']",13,39
923,Sushi Shop,50%,93%,"['Japanese', 'Sushi']","['Japanese', 'Poke']",116,500+
925,Wok Street,30%,93%,"['Chinese', 'Asian']",['Asian'],2,324
926,Kenko 2,50%,94%,"['Peruvian', 'Latin']",['Latin American'],110,12
927,Ribs,50%,91%,"['American', 'Barbecue']",['American'],169,183
929,Hotdoks,40%,96%,['Fast Food'],"['American', 'Burgers']",6,110
930,Grill Corner Splau,40%,--,['Mediterranean'],['Mediterranean'],5,74
931,Kenji Sushi Pro,40%,85%,"['Japanese', 'Sushi']","['Japanese', 'Sushi']",64,43
932,Pita House,30%,92%,['Spanish'],"['Arabic', 'Pizza']",874,119
934,Wok Chow Mein,90%,91%,"['Chinese', 'Asian']",['Asian'],5,58
935,Entre Tapes Meridiana,90%,82%,['Mediterranean'],"['Chicken', 'Mediterranean']",5,18
936,4 Pokes,100%,97%,['Hawaiian'],"['Poke', 'Vegan']",23,500+
938,Dan's Hot Dog,80%,92%,"['American', 'German']",['American'],15,38
